date,open,high,low,close,volume,marcap
2019-12-19,650.3,653.65,645.11,647.85,808153790,233553667866613
2019-12-20,650.19,651.2,647.9,649.73,944573044,234817288488122
2019-12-23,651.77,652.81,646.68,647.62,725861836,234058374740461
2019-12-24,648.71,648.71,638.74,638.91,763092114,231075710418008
2019-12-26,640.77,652.09,640.2,652.07,921877734,235647597350004
2019-12-27,652.6,661.59,652.17,661.24,807711662,238198875786701
2019-12-30,662.06,669.83,661.62,669.83,789329743,241350997492726
2020-01-02,672.53,674.3,666.62,674.02,783730760,242768147795532
2020-01-03,677.57,679.37,668.1,669.93,903858876,241357675885325
2020-01-06,660.08,663.1,653.61,655.31,884278619,236177411592074
2020-01-07,660.87,664.21,659.18,663.44,970306788,239161960485498
2020-01-08,657.24,658.14,637.43,640.94,1379708008,231058476164510
2020-01-09,657.01,666.09,656.25,666.09,980618698,240120847246063
2020-01-10,668.79,673.03,665.92,673.03,837389583,242702877200386
2020-01-13,673.76,679.22,673.23,679.22,894402015,245066837935631
2020-01-14,682.14,685.88,676.78,678.71,897262055,244889130461349
2020-01-15,678.83,681.39,676.91,679.16,908209030,245115557824536
2020-01-16,679.67,686.52,679.49,686.52,880290516,247712207619104
2020-01-17,689.73,690.61,686.68,688.41,1028709944,248533214454011
2020-01-20,690.85,691.17,682.48,683.47,1019250129,246894427722961
2020-01-21,683.82,685.89,675.48,676.52,1032065677,244458961690645
2020-01-22,677.05,688.28,677.05,688.25,1012722625,248680112428119
2020-01-23,685.94,687.71,683.52,685.57,957782058,247897515122218
2020-01-28,660.79,668.22,658.78,664.7,1161215976,240463052434010
2020-01-29,671.08,671.98,664.09,670.18,1056865386,242425934306568
2020-01-30,670.65,673.17,652.42,656.39,1213886224,237472764148828
2020-01-31,660.98,664.77,641.57,642.48,1343602255,232461525068773
2020-02-03,631.82,648.34,627.65,646.85,1193311562,234039520722233
2020-02-04,650.72,661.24,649.22,661.24,938254924,239254407386027
2020-02-05,666.74,668.91,658.03,661.32,991276604,239361588048135
2020-02-06,665.94,672.69,665.88,672.69,946334024,243440170558289
2020-02-07,673.11,674.03,667.93,672.63,1024735295,243475160024523
2020-02-10,669.53,676.08,668.1,676.07,979098232,244756201921369
2020-02-11,678.97,682.34,678.43,682.34,1167070785,247131855300206
2020-02-12,683.26,686.79,680.26,686.59,1333842814,248735276118634
2020-02-13,689.54,691.43,681.77,687.61,1345100386,249058921341075
2020-02-14,687.23,692.0,685.67,688.91,1499191417,249470581193694
2020-02-17,690.35,692.64,686.73,692.59,1524917678,250776122607491
2020-02-18,691.42,692.52,681.44,682.92,1781024489,247300825929936
2020-02-19,686.89,688.11,673.64,684.78,1604888015,247969809714929
2020-02-20,687.65,688.51,677.99,681.66,1464809296,246963573454710
2020-02-21,673.57,680.28,667.47,667.99,1427547789,242180852576083
2020-02-24,653.4,656.31,639.22,639.29,1476932932,231858846358029
2020-02-25,639.28,656.96,633.65,656.95,1212527284,238230648416244
2020-02-26,644.02,658.29,642.98,654.63,1137059053,237411187960495
2020-02-27,654.61,660.89,634.79,638.17,1231802620,231512753527037
2020-02-28,626.36,631.25,608.38,610.73,1389631587,221971810594185
2020-03-02,617.88,627.71,607.32,627.66,1186854779,228073910340194
2020-03-03,641.65,641.77,626.71,626.82,1232865263,227876485133828
2020-03-04,623.75,641.73,623.55,641.73,1097676285,233919307962997
2020-03-05,647.75,650.81,643.97,650.19,1077679803,237065256511816
2020-03-06,642.33,647.83,637.2,642.72,1113502073,234780562644888
2020-03-09,631.13,632.52,614.58,614.6,1317498376,224592596545367
2020-03-10,606.89,619.98,604.51,619.97,1431027674,226525539356804
2020-03-11,621.12,622.07,591.38,595.61,1570650509,217679145366129
2020-03-12,589.2,594.32,555.47,563.49,1639528781,206048862292365
2020-03-13,536.62,540.3,487.07,524.0,1522369149,191628164131520
2020-03-16,538.68,541.87,504.51,504.51,1201664860,184690203595051
2020-03-17,488.02,518.72,483.51,514.73,1367413984,188460556731288
2020-03-18,520.79,526.1,485.14,485.14,1322271650,177738871903080
2020-03-19,501.59,502.12,419.55,428.35,1646248394,157026545958875
2020-03-20,443.88,467.75,435.11,467.75,1243149958,171351187321883
2020-03-23,443.51,455.97,435.81,443.76,1086690070,162563926645787
2020-03-24,457.21,480.4,454.24,480.4,1143642267,175921670307867
2020-03-25,496.32,506.43,488.98,505.68,1441082091,185244161322073
2020-03-26,506.51,533.33,501.82,516.61,1649355882,189294134771057
2020-03-27,535.94,540.04,502.48,522.83,1979703657,191551905037994
2020-03-30,513.13,542.12,511.47,542.11,1431987410,198576610761497
2020-03-31,551.48,569.07,551.25,569.07,1865421932,208277587033144
2020-04-01,568.88,579.76,551.3,551.84,1897096897,202131521987384
2020-04-02,555.4,567.7,542.75,567.7,1680263293,207901417119792
2020-04-03,571.29,576.27,564.02,573.01,1374770725,209882652288378
2020-04-06,579.25,597.21,577.83,597.21,1526019932,218761437654472
2020-04-07,606.21,606.9,593.22,606.9,2108624329,222382947974652
2020-04-08,604.46,615.32,599.3,607.37,2362934605,222708420453819
2020-04-09,616.67,618.37,610.66,615.95,1810580436,225817399796490
2020-04-10,617.75,618.08,593.01,611.26,2001744917,224262545585950
2020-04-13,609.94,611.06,596.71,596.71,2010346095,218902486182504
2020-04-14,605.14,611.36,602.05,610.29,1600520940,223912578480156
2020-04-16,606.69,623.59,603.15,623.43,1368160094,228844401093106
2020-04-17,631.34,634.79,628.05,634.79,1640016902,233023373736427
2020-04-20,635.71,643.05,634.2,637.82,1571067027,234188826361793
2020-04-21,634.76,641.07,602.05,628.77,2164007881,230989350667137
2020-04-22,618.95,635.31,616.88,635.16,1459274525,233065200930142
2020-04-23,640.13,645.54,637.33,643.79,1659299238,236376134230907
2020-04-24,640.19,645.22,629.12,632.96,1781069738,233087533911480
2020-04-27,638.9,647.11,638.58,646.86,1718845651,238021426354776
2020-04-28,649.46,651.39,638.69,644.93,1770727311,237324919684448
2020-04-29,646.33,648.42,644.06,645.18,1686253660,237464993001678
2020-05-04,637.0,648.57,635.16,641.91,1279273919,236245972556141
2020-05-06,650.15,658.4,647.52,658.4,1506803206,242298856631906
2020-05-07,659.45,669.03,658.93,668.17,1744936974,245929086568090
2020-05-08,674.01,682.94,673.52,682.3,1683945287,251162127963181
2020-05-11,686.81,690.34,676.6,685.04,1538941850,252116820247388
2020-05-12,687.48,688.37,673.66,684.21,1486569858,251887582457666
2020-05-13,676.53,691.57,676.24,691.53,1510721806,253969090468104
2020-05-14,687.92,693.68,684.33,690.57,1572689405,253699212433587
2020-05-15,695.8,696.91,686.23,691.93,1360015022,254601166225382
2020-05-18,695.17,695.9,688.88,690.85,1470278618,254241536040340
2020-05-19,696.01,696.39,687.67,696.36,1819084997,256361306366522
2020-05-20,697.15,709.16,697.09,708.76,2068645159,260722663361861
2020-05-21,714.33,716.72,711.71,716.02,1993800798,263378591314049
2020-05-22,717.78,719.15,702.5,708.58,1696053428,260660795756584
2020-05-25,712.88,719.89,708.6,719.89,1603666460,264794260868980
2020-05-26,723.28,729.16,718.81,729.11,1554767947,268197171928379
2020-05-27,728.26,730.41,722.04,724.59,1571385984,266629833314572
2020-05-28,728.76,728.8,695.3,708.75,2097276801,260829222541212
2020-05-29,706.16,714.51,700.84,713.68,1472678588,262489491150160
2020-06-01,716.96,735.72,716.83,735.72,1275399532,270574394489720
2020-06-02,737.67,743.7,735.06,743.58,1464961256,274253647791854
2020-06-03,749.49,750.14,734.63,737.66,1482743643,272084302185968
2020-06-04,742.87,744.36,733.91,742.37,1305965359,273828409346018
2020-06-05,743.65,749.75,739.52,749.31,1125022729,276027410148199
2020-06-08,754.12,754.32,747.37,753.04,1325593883,277963922903614
2020-06-09,756.02,756.45,746.56,753.82,1532566129,278254924581486
2020-06-10,754.3,759.48,752.29,758.62,1577271882,280250042281570
2020-06-11,760.07,766.96,752.04,757.06,1452105458,279711253374558
2020-06-12,722.91,747.37,722.81,746.06,1324399825,275693170627774
2020-06-15,745.6,747.21,693.15,693.15,1470732690,256105100809004
2020-06-16,716.6,735.74,714.14,735.38,1320202220,270837275164427
2020-06-17,731.91,743.11,717.68,735.4,1408467690,271270293628374
2020-06-18,738.11,743.12,732.92,737.33,1243956090,272153590832893
2020-06-19,743.35,743.94,732.55,742.03,1529200115,274440983987982
2020-06-22,742.98,752.98,741.78,751.64,1336686240,278063201264343
2020-06-23,758.61,761.37,744.26,753.23,1584472642,279155470931867
2020-06-24,758.15,765.21,755.12,759.5,1333491336,281450477660148
2020-06-25,749.81,757.23,745.98,750.36,1362068902,277965658495348
2020-06-26,758.62,758.62,742.57,750.58,1522033594,278144001033545
2020-06-29,743.88,747.3,732.86,734.69,1347220000,272137619942336
2020-06-30,744.54,744.54,731.76,737.97,1638598248,273285565080667
2020-07-01,743.53,744.03,726.36,727.58,1184777323,269662310956897
2020-07-02,732.94,742.55,732.09,742.55,1155544385,275201178190719
2020-07-03,746.13,752.22,741.11,752.18,1285378847,279224713694335
2020-07-06,754.74,759.93,750.43,759.9,1142167783,282228831199949
2020-07-07,763.4,764.46,755.44,759.16,1290021016,282597936055501
2020-07-08,761.19,765.96,758.38,765.96,1306346231,283626666703050
2020-07-09,770.46,774.5,769.31,772.9,1465602850,286265524654509
2020-07-10,773.75,775.99,766.51,772.81,1332284345,286443593282677
2020-07-13,777.92,781.19,773.08,781.19,1395977765,289955018660195
2020-07-14,776.19,782.7,775.29,778.39,1635618753,289138577379961
2020-07-15,783.14,783.29,775.96,781.29,1527810704,290382638256614
2020-07-16,783.24,783.24,769.39,775.07,1631137865,288054482816058
2020-07-17,776.97,783.32,775.78,783.22,1365421261,290874354829833
2020-07-20,786.25,786.29,776.97,781.96,1399220868,290683030081282
2020-07-21,787.3,792.2,785.75,790.58,1500350945,293847532413471
2020-07-22,790.58,795.32,785.97,794.99,1476960212,295699183058717
2020-07-23,796.46,803.07,792.27,801.69,1384206023,295719448167150
2020-07-24,796.08,804.61,788.72,794.8,1455338205,293589630685837
2020-07-27,795.19,804.58,795.19,801.23,1293548736,296395850284599
2020-07-28,807.29,810.97,802.04,807.85,1547330215,298918047452087
2020-07-29,807.71,809.77,804.29,808.59,1181621506,299433926691035
2020-07-30,812.83,814.41,808.02,814.19,1301897880,301637228211747
2020-07-31,817.52,818.7,814.23,815.3,1357354629,303951763086638
2020-08-03,820.41,827.79,815.15,827.57,1522754148,308607793868019
2020-08-04,833.28,835.35,830.55,835.35,1509116541,311492401847718
2020-08-05,837.19,847.38,837.11,847.28,1521802094,316312310546645
2020-08-06,854.02,855.73,847.9,854.12,1498959838,318891872037496
2020-08-07,858.3,859.43,849.01,857.63,1397199527,320507965456862
2020-08-10,859.53,863.8,854.48,862.76,1464015119,322848851704705
2020-08-11,863.07,863.72,858.0,860.23,1532477407,322120086005506
2020-08-12,858.88,858.88,836.58,845.6,1674531224,316875295766191
2020-08-13,854.82,862.98,852.15,854.77,1811111238,323218790975472
2020-08-14,854.71,854.71,831.15,835.03,1732238253,316140847903004
2020-08-18,834.55,834.55,794.91,800.22,1897401079,303852984979660
2020-08-19,810.86,818.74,805.52,818.74,1601780980,311308564860357
2020-08-20,816.63,821.11,785.0,791.14,1813140955,300679365482901
2020-08-21,801.14,802.7,781.41,796.01,1658737136,302335894670751
2020-08-24,798.2,815.74,787.93,815.74,1521281540,309708752641242
2020-08-25,821.53,836.41,820.02,836.31,1605321337,317479077590074
2020-08-26,838.86,842.48,827.27,841.35,2152206828,319342491193477
2020-08-27,842.38,842.83,832.74,836.4,2951684093,317502632627264
2020-08-28,841.76,850.38,837.86,841.3,2111380251,319399051714396
2020-08-31,847.97,852.54,839.63,848.24,1890066384,322427182130296
2020-09-01,850.58,854.22,847.53,853.37,1843909656,324374410245305
2020-09-02,859.58,866.87,858.23,866.74,1843232410,329509234445006
2020-09-03,871.02,874.16,869.84,874.13,1763488562,332407173304438
2020-09-04,841.37,866.9,841.37,866.04,1730687456,329352561238170
2020-09-07,872.03,879.36,864.39,878.88,1884731635,334262941381201
2020-09-08,884.72,887.01,874.31,878.29,2517936267,333947635918970
2020-09-09,864.91,877.67,864.17,869.47,2367815600,330792229296867
2020-09-10,881.12,884.3,874.77,884.3,1990691642,341586680390987
2020-09-11,881.23,888.44,877.58,888.44,1994166155,343176240753738
2020-09-14,894.38,894.8,886.48,894.17,1699498499,345578327210490
2020-09-15,898.63,899.64,893.24,899.46,2098772869,347286394902148
2020-09-16,901.75,905.56,891.99,896.28,2410950958,346431900577334
2020-09-17,897.88,898.43,883.5,885.18,2286208575,342165649898536
2020-09-18,889.47,892.39,878.78,888.88,1768419897,343792634700892
2020-09-21,889.94,892.34,859.4,866.99,1965201109,335595334631637
2020-09-22,867.72,867.89,838.13,842.72,1973655610,326397280358627
2020-09-23,855.57,856.14,821.89,843.45,2246112604,326789815264100
2020-09-24,825.74,833.04,804.28,806.95,2196877554,312855988837733
2020-09-25,817.95,820.74,799.53,808.28,2212037146,313297467776482
2020-09-28,820.72,836.15,819.86,835.91,1938337187,323925942792849
2020-09-29,844.69,848.59,839.68,848.15,2084774071,328737556831502
2020-10-05,848.67,858.82,843.06,858.39,1675260522,332735297891713
2020-10-06,863.74,866.67,855.65,862.58,1981912495,334539907656227
2020-10-07,856.7,869.69,856.66,869.66,2013038584,337583712704180
2020-10-08,875.12,875.59,867.63,871.62,1994293780,338661105978556
2020-10-12,875.25,875.25,868.01,873.5,2009372661,339021906210366
2020-10-13,878.15,878.15,865.95,871.92,2277904281,338430534770178
2020-10-14,873.04,875.02,859.88,861.48,2373269157,334550903603476
2020-10-15,861.37,861.37,833.55,844.44,2238669254,328155187061264
2020-10-16,845.63,849.2,822.58,833.84,2275827730,324013185437601
2020-10-19,836.83,838.63,821.5,822.25,1701656424,319817488099764
2020-10-20,816.16,825.96,803.24,824.65,1664943968,320969248161526
2020-10-21,827.35,830.95,819.66,830.67,1492449767,323449840723502
2020-10-22,826.71,826.71,812.7,812.7,1734931881,316737110306542
2020-10-23,817.7,817.7,804.75,807.98,1613364042,314966299108851
2020-10-26,808.06,808.06,776.7,778.02,1634353781,303350650289887
2020-10-27,771.84,794.04,766.96,783.73,2056533903,305590127162085
2020-10-28,784.88,806.2,784.88,806.2,2049765027,314532559648375
2020-10-29,791.02,814.16,791.02,813.93,1942544826,317270556284783
2020-10-30,814.16,814.59,791.3,792.65,1880463332,309289392479541
2020-11-02,796.46,805.92,789.85,802.95,1537119962,313355465592139
2020-11-03,810.01,821.28,810.01,818.46,1672273900,320035935003544
2020-11-04,826.04,828.89,814.76,826.97,1804688626,323327674558939
2020-11-05,833.37,845.81,831.78,844.8,1660809740,330313259670443
2020-11-06,849.18,849.39,832.27,836.78,1923198756,327536568247327
2020-11-09,845.81,851.21,845.17,851.21,1735445076,333140278598057
2020-11-10,844.22,844.22,835.27,840.79,1815647411,329059123341736
2020-11-11,840.89,842.76,829.53,839.9,2281172072,328432620617222
2020-11-12,844.64,846.87,835.95,840.08,2068886438,328523167447655
2020-11-13,837.28,839.54,826.17,839.14,1878625510,328357813196633
2020-11-16,843.49,849.8,841.6,847.33,1619880173,331576034102507
2020-11-17,846.55,846.55,836.0,839.47,1789493228,328957751501870
2020-11-18,842.55,852.27,840.43,851.74,2330367048,334104731554859
2020-11-19,851.68,860.99,849.72,859.94,2249200505,337226659089998
2020-11-20,863.07,870.78,861.29,870.18,2148981921,342172155909942
2020-11-23,872.22,875.26,868.6,873.29,2118835981,343359670857658
2020-11-24,876.65,876.89,868.89,872.1,3185108496,343063375713436
2020-11-25,877.35,878.76,855.28,865.12,2494367783,340769656448342
2020-11-26,868.6,875.26,861.05,874.53,1917340219,344984852565356
2020-11-27,876.37,886.2,875.45,885.56,1829517005,349517656218602
2020-11-30,890.65,891.53,885.65,886.11,1738037033,349878362036610
2020-12-01,889.53,892.22,883.24,891.29,2133268235,352059819129442
2020-12-02,894.94,899.87,891.61,899.34,1890607381,355729099214863
2020-12-03,901.61,907.72,900.09,907.61,2361180563,359010281832876
2020-12-04,909.99,914.27,908.24,913.76,2167590114,361579274457035
2020-12-07,914.15,927.35,910.36,926.88,2240526628,366928818634212
2020-12-08,927.69,933.14,906.31,906.84,2601247446,358900481894265
2020-12-09,908.05,917.21,904.45,913.81,2695657558,361967964595158
2020-12-10,913.02,922.13,905.76,921.7,2666888165,365460909381638
2020-12-11,925.3,929.23,923.39,928.44,1913758653,368341552823298
2020-12-14,930.78,935.9,924.52,929.54,1610591744,369095208364118
2020-12-15,930.73,934.3,921.27,931.27,2100826277,369949155726159
2020-12-16,932.41,941.45,932.41,939.65,1998312721,373325658996791
2020-12-17,938.88,948.43,938.88,944.04,2650705919,375215635852649
2020-12-18,945.81,948.59,942.46,947.24,2114839283,376636182298777
2020-12-21,948.64,954.34,940.98,953.58,1926451056,379532019557436
2020-12-22,953.48,953.48,928.51,928.73,1856455546,370417453416453
2020-12-23,932.25,938.91,918.44,923.17,1924137383,368990490176716
2020-12-24,924.34,933.39,920.53,928.68,1724765857,371285191286270
2020-12-28,930.07,937.76,923.96,927.0,1642275265,370820564030624
2020-12-29,928.58,957.48,928.58,957.41,1510814119,381194852318890
2020-12-30,957.38,971.04,955.38,968.42,1638729235,385582620024419
2021-01-04,968.86,977.62,960.52,977.62,1697123287,389065995135020
2021-01-05,976.43,985.76,965.53,985.76,1808188609,391948561343148
2021-01-06,987.25,990.88,977.37,981.39,1980415660,390292104174552
2021-01-07,983.28,993.91,982.27,988.86,2256784798,393044712397583
2021-01-08,990.7,995.22,978.12,987.79,2557365931,393016718764822
2021-01-11,988.38,993.2,953.36,976.63,2201087113,388709158840849
2021-01-12,977.14,982.46,956.72,973.72,1741983615,387975469314251
2021-01-13,974.14,982.66,972.1,979.13,1635160538,389900531656255
2021-01-14,979.1,980.29,973.63,980.29,1736166508,390258095416319
2021-01-15,981.72,982.31,963.09,964.44,1844766395,384165117957820
2021-01-18,963.18,967.05,940.11,944.67,2040501391,376489396513436
2021-01-19,945.33,962.14,936.93,957.75,2107756060,381601683194685
2021-01-20,959.52,978.88,959.52,977.66,2441708683,389715588171039
2021-01-21,979.82,984.98,975.62,981.4,1995071158,391719846279938
2021-01-22,982.2,984.67,975.05,979.98,2288183346,392789001939249
2021-01-25,981.05,999.64,981.05,999.3,1850119233,400496596683655
2021-01-26,1000.0,1007.52,989.03,994.0,2651486050,398475654653447
2021-01-27,996.42,1000.75,984.37,985.92,2857961966,395807997983747
2021-01-28,980.7,980.7,957.17,961.23,1951603292,386191348324985
2021-01-29,963.58,970.95,918.68,928.73,2190876596,373691858148363
2021-02-01,927.92,957.26,918.92,956.92,1546510024,383852379055594
2021-02-02,958.85,972.35,953.72,963.81,1957391693,386610425371649
2021-02-03,965.99,970.85,958.47,970.69,1912432035,389885989651896
2021-02-04,970.93,970.95,958.05,964.58,2164705215,387517289425539
2021-02-05,965.61,970.6,961.26,967.42,1988200753,388912076402899
2021-02-08,966.94,968.03,956.93,960.78,2128325793,386388134694390
2021-02-09,961.31,966.22,957.69,957.85,3198991739,385254075945136
2021-02-10,958.45,964.66,951.21,964.31,2806752142,388165994006552
2021-02-15,965.83,982.78,965.83,981.97,3028376072,395295971775420
2021-02-16,982.81,987.89,974.3,977.74,2985480993,393679329335145
2021-02-17,977.93,979.9,970.55,979.77,5067754544,394436144128262
2021-02-18,980.01,981.83,967.42,967.42,4408951407,389666391103170
2021-02-19,967.65,968.92,944.74,965.11,4388461298,388856406467420
2021-02-22,965.55,969.96,953.48,954.29,2731249440,384951310602166
2021-02-23,952.23,952.23,934.35,936.6,3388331684,377978844331845
2021-02-24,936.8,944.71,906.31,906.31,3622292087,367568379814534
2021-02-25,910.15,936.94,910.15,936.21,2445198430,379987785639181
2021-02-26,930.54,930.54,904.18,913.94,2642759545,371466543251172
2021-03-02,919.17,936.61,914.49,923.17,2959663360,374761728785017
2021-03-03,922.52,930.86,920.07,930.8,3392814631,377728532829665
2021-03-04,929.09,929.09,916.75,926.2,2448986924,375878532596092
2021-03-05,923.32,924.42,907.41,923.48,2167990446,374836333465674
2021-03-08,925.19,931.14,904.62,904.77,3318912036,367276289920824
2021-03-09,904.04,904.04,877.73,896.36,3506189834,363976850953458
2021-03-10,900.19,911.04,890.07,890.07,2879346024,361305227194353
2021-03-11,890.97,908.01,890.97,908.01,2424907434,369291141596873
2021-03-12,910.41,925.9,910.41,925.49,2856192772,376937995497048
2021-03-15,926.04,929.69,921.71,926.9,2341585237,374910568269933
2021-03-16,928.17,941.0,928.17,940.65,3365161890,381805863582235
2021-03-17,941.2,943.78,935.11,943.78,2756482451,382735307810819
2021-03-18,945.11,953.1,945.11,949.83,2062909604,385169771506175
2021-03-19,946.61,953.06,935.27,952.11,1664272944,386433770456718
2021-03-22,953.04,957.52,948.77,955.38,1777228197,387718070775718
2021-03-23,956.1,962.65,945.97,946.31,2041533917,384442003801071
2021-03-24,946.23,954.2,939.19,953.82,1729386492,386868063841943
2021-03-25,953.26,955.24,948.34,954.99,1751078877,387311921085308
2021-03-26,955.68,959.46,951.13,956.7,2125124532,388051677647507
2021-03-29,956.88,961.73,952.22,954.1,2388776081,386977420485060
2021-03-30,954.54,959.88,954.54,958.06,2027304695,388660278311558
2021-03-31,958.38,961.02,954.17,956.17,1854442291,388147690314283
2021-04-01,956.87,965.81,954.93,965.78,2007569734,394771352585303
2021-04-02,967.56,971.17,966.34,970.09,2331145002,396697734570566
2021-04-05,971.04,973.57,966.52,969.77,1927322026,396773128894474
2021-04-06,971.11,974.14,964.62,968.63,2413259358,396257628693703
2021-04-07,969.3,974.11,968.35,973.22,2044987278,398349530804879
2021-04-08,974.14,982.04,969.53,982.02,1909598759,401896476660266
2021-04-09,983.4,991.17,983.4,989.39,1593414936,405099551452819
2021-04-12,992.31,1000.78,990.32,1000.65,1910152776,411115361023712
2021-04-13,1001.0,1010.8,1001.0,1010.37,3655477351,415390067415364
2021-04-14,1011.35,1016.06,1009.34,1014.42,3177259828,417153328275534
2021-04-15,1014.34,1014.72,1008.8,1013.9,2618274064,417077084368359
2021-04-16,1015.71,1022.36,1014.4,1021.62,2070393809,420677460835311
2021-04-19,1022.06,1032.64,1020.58,1029.46,2005256990,423343134725197
2021-04-20,1029.18,1031.9,1025.48,1031.88,1768976339,424474314927600
2021-04-21,1031.26,1031.26,1019.59,1022.22,2887741660,420953717156715
2021-04-22,1023.65,1029.8,1023.43,1025.71,4090170279,422945269881904
2021-04-23,1024.29,1029.79,1018.87,1026.82,4099784415,421550876803695
2021-04-26,1027.4,1030.6,1025.73,1030.06,2927454731,423108000635792
2021-04-27,1030.29,1031.95,1019.81,1021.01,3413757092,419685854453869
2021-04-28,1021.13,1021.13,995.96,998.27,3244383442,411061833412744
2021-04-29,999.01,1004.57,983.73,990.69,1931273721,408351811829639
2021-04-30,991.08,995.74,975.66,983.45,1467201921,405736743776629
2021-05-03,982.97,986.2,961.3,961.81,1463943555,396831733638339
2021-05-04,961.32,967.68,944.15,967.2,1548789401,398772703896844
2021-05-06,966.62,971.65,961.16,969.99,1144812274,399981476935046
2021-05-07,970.96,981.04,970.96,978.3,1268171627,403331514284598
2021-05-10,979.38,993.06,979.38,992.8,1321822328,409442843856119
2021-05-11,991.41,991.41,974.1,978.61,1413548300,403655764953011
2021-05-12,978.27,979.99,958.57,967.1,1973033508,398888551390249
2021-05-13,963.31,965.27,948.04,951.77,1445729955,392640700628032
2021-05-14,953.91,967.18,953.91,966.72,1563428973,398933318009256
2021-05-17,968.02,973.35,958.64,962.5,1458831318,397767111649832
2021-05-18,962.83,969.79,959.98,969.1,1422393325,400500532174965
2021-05-20,968.35,971.62,962.78,971.13,1531653535,403740754781293
2021-05-21,972.3,979.37,965.55,965.63,1533585027,401618335153906
2021-05-24,965.23,965.23,948.37,948.37,1540416884,394522746128492
2021-05-25,949.78,963.4,949.78,962.07,1681868216,400299188194730
2021-05-26,962.69,967.49,962.69,966.06,1939819737,402405441395329
2021-05-27,967.01,974.29,960.64,974.08,1846140294,405770135577068
2021-05-28,974.55,979.59,973.76,977.46,1577407642,407091956786306
2021-05-31,979.0,983.41,979.0,981.78,1639881268,408938575016279
2021-06-01,982.25,984.61,979.13,984.59,1779134671,410198729530081
2021-06-02,985.5,986.0,977.74,981.1,1608837586,408626969774157
2021-06-03,981.52,992.01,981.52,990.19,1704638309,412623714616328
2021-06-04,990.16,990.16,983.02,987.58,2145264098,411626501939352
2021-06-07,989.16,993.06,982.14,985.86,1954562972,410940950546112
2021-06-08,986.43,988.35,982.75,986.12,1870820092,411012620425734
2021-06-09,986.59,989.15,978.79,978.79,1687026003,407968255243612
2021-06-10,979.52,993.08,979.47,987.77,1822081867,411720368833280
2021-06-11,989.39,993.9,989.15,991.13,1548048245,413452800863739
2021-06-14,992.8,998.85,991.93,997.41,1410029915,416060123492539
2021-06-15,998.05,999.53,993.64,997.37,1643386486,415922787479071
2021-06-16,997.68,1000.43,995.35,998.49,1435443567,416454471929237
2021-06-17,998.27,1004.7,994.76,1003.72,1879605156,418787424540406
2021-06-18,1004.57,1016.33,1004.57,1015.88,1849423450,423922152780844
2021-06-21,1014.59,1014.59,1006.83,1010.99,1506150987,421945247103062
2021-06-22,1012.01,1016.7,1008.11,1011.56,1611178252,422123177352320
2021-06-23,1012.78,1020.85,1012.78,1016.46,1861225824,424693629699365
2021-06-24,1017.11,1019.35,1010.18,1012.62,1862769084,423111351428983
2021-06-25,1013.97,1018.98,1011.31,1012.13,1340335001,423253943120004
2021-06-28,1013.47,1018.76,1013.47,1017.91,1587502357,425676140763402
2021-06-29,1019.64,1026.83,1019.28,1022.52,2061941918,427689302215526
2021-06-30,1023.74,1030.94,1023.74,1029.96,2086090133,430852268750372
2021-07-01,1030.48,1036.47,1028.48,1035.64,1686829722,433343011836407
2021-07-02,1036.28,1038.54,1033.94,1038.18,1685412039,434367744576722
2021-07-05,1039.79,1048.16,1039.79,1047.33,1743060742,438133554796721
2021-07-06,1047.6,1049.24,1043.51,1044.96,1964143239,436408555236986
2021-07-07,1045.0,1050.31,1042.42,1047.36,1692983960,437764656273515
2021-07-08,1047.96,1049.95,1028.14,1034.48,1869433462,432462660464132
2021-07-09,1031.78,1031.78,1013.91,1028.93,2188638702,430338424020886
2021-07-12,1030.36,1037.01,1030.36,1034.64,1716579256,432781974597761
2021-07-13,1035.68,1044.64,1035.68,1043.31,1706838384,436637530493466
2021-07-14,1043.5,1045.45,1038.68,1044.98,1714355799,437311499321458
2021-07-15,1046.57,1055.82,1046.57,1054.31,2057346426,441302326422663
2021-07-16,1053.85,1053.95,1044.7,1051.98,1728614265,439277850957363
2021-07-19,1049.51,1051.45,1046.9,1049.83,1404708503,438254882904271
2021-07-20,1040.99,1049.2,1036.14,1043.64,1645090439,435763960794600
2021-07-21,1051.73,1051.95,1041.44,1042.03,1322431057,435136915674887
2021-07-22,1046.51,1051.94,1046.51,1050.25,1623555413,438722951266277
2021-07-23,1053.01,1059.18,1053.01,1055.5,1387871291,441045046066939
2021-07-26,1059.91,1060.21,1045.27,1047.63,1267942889,437943873263120
2021-07-27,1050.87,1053.46,1045.66,1046.55,1550178367,438069645140399
2021-07-28,1043.19,1048.78,1030.04,1035.68,1421011305,433789919954429
2021-07-29,1040.45,1044.79,1039.26,1044.13,1206053845,436016220558679
2021-07-30,1044.28,1044.36,1029.19,1031.14,1339556449,431002824833462
2021-08-02,1033.17,1038.49,1029.26,1037.8,1202119976,433576142634198
2021-08-03,1038.91,1041.76,1029.05,1036.11,1504475073,432870713562794
2021-08-04,1038.96,1047.93,1035.98,1047.93,1485459389,437927097386031
2021-08-05,1050.45,1060.14,1050.32,1059.54,1374783413,442746097426831
2021-08-06,1061.32,1062.03,1055.64,1059.8,1346819616,442943362567919
2021-08-09,1059.29,1061.78,1054.58,1060.0,1352833724,443085977787914
2021-08-10,1060.9,1060.9,1048.98,1052.07,1689404454,439963433806927
2021-08-11,1050.48,1057.03,1048.7,1051.92,1308328199,440941647898410
2021-08-12,1054.16,1058.41,1052.21,1054.09,1089521907,441879392583593
2021-08-13,1054.28,1054.46,1024.48,1040.78,1372315163,436624809366874
2021-08-17,1039.66,1039.66,1009.21,1011.05,1176479166,424665454367757
2021-08-18,1006.8,1022.09,999.26,1021.08,1095404874,428808322933653
2021-08-19,1013.93,1022.77,991.13,991.15,1401855005,416692695265248
2021-08-20,997.02,1000.67,964.02,967.9,1266099067,408591996539144
2021-08-23,977.87,996.23,969.48,993.18,993511266,419217755555069
2021-08-24,1002.19,1015.09,1000.72,1013.18,1326076918,427039371777845
2021-08-25,1017.96,1017.96,1006.98,1017.78,1225841208,429489097888340
2021-08-26,1020.85,1026.26,1015.91,1020.44,1081654384,430319914198000
2021-08-27,1017.36,1027.26,1014.1,1023.51,1298908156,431572258752024
2021-08-30,1030.65,1035.77,1027.84,1031.84,1178120943,435388315979671
2021-08-31,1032.77,1038.33,1026.36,1038.33,1243473897,438022823462682
2021-09-01,1038.09,1046.0,1035.09,1045.98,1145478500,440812884706616
2021-09-02,1048.15,1048.2,1042.36,1047.19,1292476797,441259857358480
2021-09-03,1049.81,1054.53,1047.12,1053.85,1435361402,444098819986813
2021-09-06,1056.3,1056.3,1049.27,1052.96,1331555858,444024963370838
2021-09-07,1054.03,1054.76,1049.8,1054.43,1568516031,444754596676937
2021-09-08,1053.46,1053.46,1037.22,1037.22,1479336261,437821726277239
2021-09-09,1033.97,1042.04,1027.64,1034.62,1414153405,436799116498971
2021-09-10,1035.86,1039.73,1026.97,1037.91,1378379001,438788954150453
2021-09-13,1036.86,1037.5,1023.98,1026.34,1261320042,433474434881504
2021-09-14,1029.57,1038.94,1028.4,1037.74,1157085076,438236418448785
2021-09-15,1039.57,1044.26,1038.8,1042.79,1438562152,440310242042624
2021-09-16,1047.85,1048.37,1037.72,1039.43,1131795685,438749514615599
2021-09-17,1040.73,1046.13,1033.69,1046.12,1160928052,441460079778840
2021-09-23,1040.38,1043.58,1036.25,1036.26,968174945,437574971088129
2021-09-24,1040.43,1045.21,1034.8,1037.03,1306783503,438342789829077
2021-09-27,1037.21,1039.63,1031.93,1034.82,1045959758,438030979698356
2021-09-28,1034.04,1034.07,1012.51,1012.51,1396083037,428895986394031
2021-09-29,994.61,1004.85,989.07,1001.46,1313134191,424692994271143
2021-09-30,1001.92,1010.03,999.58,1003.27,1290217375,425618382401229
2021-10-01,998.7,1002.68,982.26,983.2,1371271438,416951983881276
2021-10-05,974.24,974.24,950.09,955.37,1346265019,405150027566390
2021-10-06,962.62,967.67,922.36,922.36,1651916244,392727529211677
2021-10-07,932.65,953.48,932.32,953.43,1353557216,406545805846351
2021-10-08,959.81,961.72,948.02,953.11,1339875035,406605402466677
2021-10-12,951.12,951.12,936.95,940.15,1142383534,401105990838963
2021-10-13,939.4,954.63,939.28,953.47,1049502909,406746302690497
2021-10-14,960.58,983.63,960.52,983.43,1191419853,419563013621520
2021-10-15,990.24,992.16,981.83,990.54,1365015404,422904129256407
2021-10-18,992.57,997.92,985.14,993.86,1188921086,424330514996207
2021-10-19,997.57,1005.35,997.1,1005.35,1375183920,429310538619943
2021-10-20,1009.11,1011.55,1001.1,1001.62,1552193249,427826189364811
2021-10-21,1003.48,1004.61,992.04,993.7,1559956716,424749090561410
2021-10-22,992.22,1000.15,989.43,995.07,1161757809,425781067107259
2021-10-25,994.75,995.39,986.55,994.31,1061836072,425437548603624
2021-10-26,1000.32,1011.76,1000.29,1011.76,1330616766,432990292153404
2021-10-27,1012.91,1013.17,1006.03,1008.95,1273224675,431939999325316
2021-10-28,1008.93,1011.5,999.59,1000.13,1311944369,428184000016564
2021-10-29,1004.91,1005.19,991.03,992.33,1318558678,425205954505588
2021-11-01,995.56,1001.25,994.28,998.57,1173729999,429084558556825
2021-11-02,1000.96,1012.2,1000.96,1009.44,1399930759,433942487239632
2021-11-03,1011.2,1013.68,1003.66,1005.0,1099571601,432055399313600
2021-11-04,1012.62,1015.72,995.73,1001.43,1227813093,430353454538720
2021-11-05,1006.04,1006.04,995.35,1001.35,1253704592,430421532035926
2021-11-08,999.08,1003.18,988.36,1002.5,1254164590,430895728191855
2021-11-09,1002.51,1010.79,1002.51,1008.68,1245497354,433588443941298
2021-11-10,1006.59,1006.9,983.82,987.75,1476502817,425780255167798
2021-11-11,981.42,994.69,979.68,992.65,1108639885,427847548553403
2021-11-12,999.29,1009.15,998.14,1009.07,856017580,435405394416065
2021-11-15,1016.35,1029.07,1016.16,1029.03,932602849,444075252174115
2021-11-16,1029.35,1035.98,1027.07,1035.46,995271359,446578961130180
2021-11-17,1039.36,1039.36,1028.02,1031.26,1410240728,445377127450418
2021-11-18,1033.16,1034.51,1018.13,1032.77,1467430336,446203604074411
2021-11-19,1032.07,1042.4,1029.54,1041.92,1268957422,450938406584796
2021-11-22,1043.55,1045.36,1023.13,1032.31,1320324223,447133257664301
2021-11-23,1024.33,1029.08,1012.95,1013.72,1037747986,439265359557293
2021-11-24,1015.23,1021.13,1003.19,1020.13,1023600040,442042985564224
2021-11-25,1023.41,1025.9,1015.62,1015.66,1097455962,439680919576126
2021-11-26,1017.9,1021.15,999.4,1005.89,1239981144,435589065367490
2021-11-29,986.64,1002.79,980.26,992.34,1347690421,429666318680950
2021-11-30,1003.04,1004.83,960.84,965.63,1356752020,418808272904352
2021-12-01,969.9,977.73,949.86,977.15,1079797538,423861519579088
2021-12-02,967.34,978.16,961.98,977.43,1091537350,423999641982597
2021-12-03,981.65,998.49,977.91,998.47,1211827400,433213610767510
2021-12-06,990.07,994.15,980.87,991.87,1060487530,430237684596149
2021-12-07,996.89,999.52,991.07,996.64,1017251343,432398081907593
2021-12-08,1006.61,1012.64,1003.92,1006.04,1065606558,436475610108375
2021-12-09,1009.29,1022.87,1009.29,1022.87,1060993102,443671151691760
2021-12-10,1016.34,1018.42,1010.02,1011.57,1153420893,439846924196262
2021-12-13,1014.27,1014.9,1005.96,1005.96,1339322710,437471422879508
2021-12-14,1001.11,1007.73,996.85,1002.81,1081580537,436213478092887
2021-12-15,1002.18,1007.44,999.21,1003.52,1125306039,436595791418957
2021-12-16,1013.05,1016.32,1006.9,1007.86,1336914031,438852179769454
2021-12-17,1001.51,1005.36,995.93,1001.26,1095248020,436220014726675
2021-12-20,1001.17,1004.75,990.51,990.51,1009820662,431776419073318
2021-12-21,994.53,997.3,982.43,996.6,1371817709,434549269899128
2021-12-22,1004.1,1005.23,999.05,1000.13,1182499203,436198794272414
2021-12-23,1004.45,1007.42,1001.48,1003.31,1435842578,437820806126368
2021-12-24,1008.05,1010.98,1005.61,1007.42,1235763775,439628750148269
2021-12-27,1008.9,1013.7,1006.87,1011.36,1151529210,437280772439099
2021-12-28,1016.29,1027.45,1014.39,1027.44,1286746402,444227877043742
2021-12-29,1028.46,1034.05,1022.73,1028.05,950937045,443469160171658
2021-12-30,1029.74,1034.87,1021.59,1033.98,907418457,446297029881938
2022-01-03,1038.97,1039.67,1030.57,1037.83,1054529978,448123660319139
2022-01-04,1041.07,1041.29,1025.23,1031.66,1324120700,445673977477660
2022-01-05,1029.12,1029.12,1007.84,1009.62,1500450916,436918828218897
2022-01-06,993.6,1003.01,979.83,980.3,1461244707,424544648878166
2022-01-07,986.18,997.02,986.18,995.16,1470712915,431724177701455
2022-01-10,992.49,992.49,976.41,980.38,1270478402,425456621483680
2022-01-11,982.44,985.13,962.91,969.92,1280482436,420951312688205
2022-01-12,978.69,991.71,978.69,991.33,1158100024,430201006473291
2022-01-13,994.55,994.55,981.31,983.25,1235146232,426726340266803
2022-01-14,971.11,977.69,967.19,971.39,1367327453,421694680043486
2022-01-17,971.81,971.81,954.82,957.9,1111747598,415424862217103
2022-01-18,959.98,969.17,942.11,943.94,1070286086,409390938874315
2022-01-19,935.06,944.81,929.15,933.9,1224551812,405062938182427
2022-01-20,934.0,958.7,933.97,958.7,1043809180,416429841592345
2022-01-21,950.67,958.38,937.48,942.85,1128911326,409743138449470
2022-01-24,935.13,935.13,911.02,915.4,1038913331,398458758496571
2022-01-25,920.95,923.07,883.17,889.44,1286527934,387167442019088
2022-01-26,892.01,900.38,881.68,882.09,1116983736,384058256976012
2022-01-27,884.23,885.0,847.34,849.23,1174848537,369827744061809
2022-01-28,852.57,872.87,835.55,872.87,1028107642,380260388779252
2022-02-03,887.85,898.37,887.02,891.6,1079998296,388466615847469
2022-02-04,888.51,902.87,886.93,902.87,1053336697,393766191972217
2022-02-07,905.96,905.96,893.91,899.4,901974599,392418354684870
2022-02-08,900.7,907.24,887.54,895.27,1184929632,391097718188182
2022-02-09,904.07,910.53,900.86,910.53,890473957,397834342026246
2022-02-10,914.65,914.92,893.21,895.68,858885055,391411062362073
2022-02-11,885.31,889.42,877.28,877.42,1025547169,383602822152052
2022-02-14,864.49,867.24,850.28,852.79,889899460,372833835774588
2022-02-15,855.62,860.4,837.83,839.92,1036347162,367242898548042
2022-02-16,857.54,878.15,857.54,878.15,876748382,383988705322053
2022-02-17,879.12,890.78,858.78,874.22,1171956008,382333310474190
2022-02-18,862.19,882.01,860.81,881.71,953404999,385828184375665
2022-02-21,871.23,884.26,865.58,884.25,865985994,387158113167875
2022-02-22,869.08,878.33,865.23,868.11,1103601733,380676182413189
2022-02-23,873.32,879.98,870.25,877.33,1084257343,384957792011110
2022-02-24,869.24,870.58,847.86,848.21,1678595090,372262706716240
2022-02-25,864.72,872.98,863.47,872.98,1373455481,383233819767983
2022-02-28,870.27,881.07,868.91,881.07,1071362969,387033875719455
2022-03-02,880.62,896.8,879.03,895.45,1039389675,393343010204497
2022-03-03,901.28,912.35,899.85,912.32,1059669757,401110114813612
2022-03-04,908.47,909.24,896.84,900.96,1000716536,396397810166970
2022-03-07,889.95,889.95,878.45,881.54,865671012,387915944066587
2022-03-08,869.05,881.3,864.69,870.14,981991611,382989670039652
2022-03-10,885.05,892.55,884.98,889.08,987431107,391287843536653
2022-03-11,888.57,894.99,887.28,891.71,1128282684,392472709466829
2022-03-14,893.18,893.18,870.81,872.44,1154157954,384018876707850
2022-03-15,870.33,874.73,866.47,871.22,1194863731,383588750727378
2022-03-16,881.89,891.8,879.68,891.8,1347121286,392806696742367
2022-03-17,903.75,916.22,903.75,914.13,1462932895,402564095959107
2022-03-18,915.29,922.99,912.0,922.96,1200427471,406720223471162
2022-03-21,926.86,926.86,917.93,918.4,1333272216,404917200939360
2022-03-22,916.7,924.72,914.33,924.67,1392364387,407903885898752
2022-03-23,929.35,933.27,927.02,930.57,1442826026,410597405465788
2022-03-24,926.29,931.87,920.69,931.75,1381161798,411477462295878
2022-03-25,936.94,937.69,933.09,934.69,1568700133,412928688293104
2022-03-28,934.18,934.18,926.55,927.11,1374925556,409535802584339
2022-03-29,932.86,937.83,930.34,937.83,1459601369,414362927826984
2022-03-30,942.08,943.3,936.91,939.07,1537106736,415191485205692
2022-03-31,936.66,944.92,936.2,944.53,1424833366,417317124960856
2022-04-01,940.49,942.22,936.86,940.57,1252845693,415795813768009
2022-04-04,940.47,947.33,938.45,947.32,1089321829,418735951725720
2022-04-05,950.89,953.06,949.46,952.47,1639513628,420359516199467
2022-04-06,944.27,947.41,939.82,943.13,1405795481,416395345298109
2022-04-07,936.92,936.92,925.91,927.95,1182004185,409710290313283
2022-04-08,931.98,935.68,924.73,934.73,906472465,412680661082717
2022-04-11,932.48,934.61,920.75,921.83,943672153,406890348889889
2022-04-12,914.28,916.76,905.18,913.82,1137434538,403567029948941
2022-04-13,915.89,927.33,913.92,927.31,1108431927,409147233206636
2022-04-14,930.69,931.81,925.61,928.01,1166368166,409395445424699
2022-04-15,921.53,925.13,916.91,924.44,1296261590,408167667786018
2022-04-18,921.69,923.51,917.53,918.23,1099287788,405179742679094
2022-04-19,922.6,931.56,922.6,931.56,1301362690,410912732976898
2022-04-20,933.29,933.37,927.29,928.93,1258908533,409871010834383
2022-04-21,930.45,934.26,929.54,929.68,1400233085,410430449166271
2022-04-22,922.77,924.16,916.65,922.78,1381524478,407887319830007
2022-04-25,909.53,911.53,899.83,899.84,1425300927,398487564978506
2022-04-26,906.59,913.29,906.59,911.16,1631935445,403859901753410
2022-04-27,898.02,898.02,888.97,896.18,1855182935,397285087482093
2022-04-28,900.43,902.02,889.3,892.22,1551067110,395601327668017
2022-04-29,895.64,904.76,894.62,904.75,1457806377,401206971105223
2022-05-02,894.03,903.26,892.54,901.82,1227536215,399921905315823
2022-05-03,905.05,912.67,905.05,907.57,1640455775,402633971856903
2022-05-04,911.16,911.97,899.34,900.06,1359364635,399881870773474
2022-05-06,888.54,892.43,883.31,884.22,1144209984,392854739216552
2022-05-09,880.34,880.78,859.73,860.84,1121825506,382539249222543
2022-05-10,848.08,858.43,831.59,856.14,1268868388,380482533057701
2022-05-11,853.73,866.81,852.23,866.34,1078452509,385206699350948
2022-05-12,855.46,857.75,833.24,833.66,1065854989,371074971272180
2022-05-13,839.52,853.34,839.52,853.08,1011783476,379686572400489
2022-05-16,862.24,866.47,855.45,856.25,1010956745,381318247461824
2022-05-17,857.28,866.21,856.3,865.98,913815388,385619997756693
2022-05-18,872.19,876.82,868.28,871.57,1061166980,387421014258818
2022-05-19,853.23,866.61,849.59,863.8,1167569909,383985320542863
2022-05-20,866.76,880.17,866.76,879.88,1076078707,391352318955396
2022-05-23,883.78,884.39,878.9,883.59,1077068928,392992007570250
2022-05-24,881.55,883.11,865.05,865.07,1099072400,384756657072360
2022-05-25,869.19,877.71,861.92,872.69,989300060,388008200267247
2022-05-26,876.19,885.12,868.81,871.43,947423302,387316345043233
2022-05-27,881.41,883.36,873.21,873.97,1275325572,388509325333349
2022-05-30,882.17,886.44,881.46,886.44,1020992217,394013364305123
2022-05-31,888.44,893.42,884.11,893.36,1316943362,395862738788720
2022-06-02,890.47,892.98,888.45,891.14,1182037389,394538694279141
2022-06-03,897.08,899.01,890.2,891.51,1199287039,394581900681347
2022-06-07,889.07,889.09,873.09,873.78,1115605213,386405375187817
2022-06-08,877.77,880.73,873.61,874.95,1336530340,386754986841134
2022-06-09,873.22,877.18,867.2,877.18,1265672393,387105516641743
2022-06-10,869.1,872.09,865.96,869.86,1206284229,383891942482134
2022-06-13,852.74,852.74,828.76,828.77,1264039290,366175792145623
2022-06-14,816.25,826.5,804.38,823.58,1269494458,364060219653604
2022-06-15,822.27,826.3,795.42,799.41,1203159513,353596002548904
2022-06-16,812.95,822.31,800.56,802.15,997608437,354964982043771
2022-06-17,787.97,798.85,780.96,798.69,972926129,354177656894905
2022-06-20,804.48,804.89,763.22,769.92,989356497,341761949864394
2022-06-21,774.8,782.55,764.69,778.3,1032713332,345680333395747
2022-06-22,783.21,785.23,746.94,746.96,1093478424,332276497249083
2022-06-23,747.49,751.99,714.38,714.38,1260211780,318142286764558
2022-06-24,719.47,750.41,719.47,750.3,837119070,334693540051871
2022-06-27,758.0,774.57,754.62,770.6,893324155,334545524955124
2022-06-28,770.69,774.8,759.83,769.51,978286886,334683635302411
2022-06-29,759.21,765.79,753.32,762.35,819568049,331666597471280
2022-06-30,762.45,762.45,744.24,745.44,910028517,325164482012359
2022-07-01,748.2,753.45,724.2,729.48,798819284,318801893238906
2022-07-04,733.35,736.73,712.53,722.73,867467637,315450102342663
2022-07-05,729.4,750.98,728.32,750.95,936690912,327057896313900
2022-07-06,750.04,759.88,743.61,744.63,742267524,324728172843930
2022-07-07,750.98,759.03,750.67,757.97,809541581,330995391053553
2022-07-08,764.98,770.92,764.02,766.48,850955967,334753996120748
2022-07-11,767.89,774.35,763.14,767.04,779199227,335524647011279
2022-07-12,762.18,762.18,747.74,750.78,766362605,328272561873519
2022-07-13,751.34,763.73,747.74,763.18,896498523,333169863098839
2022-07-14,762.54,768.13,757.99,766.08,823119558,334610536948123
2022-07-15,768.41,769.29,754.33,762.39,850289830,342387086112776
2022-07-18,770.29,776.72,766.89,776.72,720021009,349013967985744
2022-07-19,773.73,782.33,771.69,782.33,743423519,351550342875987
2022-07-20,792.94,795.92,788.02,790.72,939573292,355312983095515
2022-07-21,792.95,795.67,790.97,795.15,937754661,357733545683863
2022-07-22,796.58,800.65,789.73,789.75,892760423,355384475657580
2022-07-25,787.71,791.25,783.78,789.69,871219511,355144878350457
2022-07-26,788.76,791.01,786.46,789.93,841385906,355173673947398
2022-07-27,789.61,795.81,788.29,795.7,678540939,357673315428518
2022-07-28,802.5,805.2,796.48,798.32,737057966,360161550116531
2022-07-29,802.97,807.77,801.05,803.62,784397942,363327090142570
2022-08-01,804.15,808.96,801.4,807.61,823057871,365116133528533
2022-08-02,807.69,807.69,799.36,804.34,905937256,363794093278157
2022-08-03,804.17,815.4,803.2,815.36,997272924,368803438244635
2022-08-04,820.06,825.99,820.06,825.16,908490915,373558759026534
2022-08-05,826.23,832.27,826.23,831.64,931758961,376514340450709
2022-08-08,829.77,831.12,825.94,830.86,931450883,376117150324373
2022-08-09,831.13,833.94,826.45,833.65,976695633,377566288512358
2022-08-10,829.29,829.29,820.27,820.27,897224568,371625461907665
2022-08-11,831.99,834.88,828.27,832.15,897832932,376921674700047
2022-08-12,831.18,833.7,826.72,831.63,792426794,376887723942445
2022-08-16,835.2,836.49,831.69,834.74,887226491,378527165223375
2022-08-17,834.91,834.96,825.46,827.42,1129912087,375022272820858
2022-08-18,822.71,826.75,817.52,826.06,950528289,374250512759244
2022-08-19,827.25,827.32,814.17,814.17,887455475,369234112958133
2022-08-22,806.9,806.92,795.87,795.87,811881078,361316213497474
2022-08-23,789.95,793.81,781.92,783.42,855724045,355825721326646
2022-08-24,788.36,793.14,782.97,793.14,714898233,360258575885697
2022-08-25,795.18,807.37,794.16,807.37,630309825,366788600007638
2022-08-26,810.33,813.0,801.84,802.45,718360689,364598714433802
2022-08-29,780.48,783.45,775.33,779.89,619621069,354410893917581
2022-08-30,783.99,797.03,783.99,797.02,667241358,362303882632861
2022-08-31,792.33,807.19,791.01,807.04,637455707,366816015012029
2022-09-01,800.74,801.02,788.13,788.32,711355972,358507548414235
2022-09-02,793.11,795.87,784.67,785.88,801799322,357503273732584
2022-09-05,784.83,786.6,768.82,771.43,741714845,350972749587023
2022-09-06,774.23,781.9,774.23,779.46,732725011,354746927319481
2022-09-07,776.82,776.99,765.08,768.19,795842991,349785644300329
2022-09-08,776.59,781.52,775.31,777.81,738189111,354230891863360
2022-09-13,790.89,796.83,790.83,796.79,842462566,362871797889994
2022-09-14,775.93,784.45,770.05,782.93,858083331,356659511125992
2022-09-15,786.33,787.0,780.31,781.38,851719443,355934997885249
2022-09-16,776.49,780.25,768.7,770.04,889032927,351206467014077
2022-09-19,771.52,772.45,750.64,751.91,882637519,342941150664492
2022-09-20,758.35,764.4,757.33,760.35,804841295,346902229765285
2022-09-21,757.13,761.35,750.14,754.89,941673094,344388093098324
2022-09-22,746.82,751.58,736.11,751.41,978686081,342873656717270
2022-09-23,749.87,749.87,728.29,729.36,883278240,332903849021057
2022-09-26,719.6,719.6,690.6,692.37,943308421,316331852898914
2022-09-27,694.53,700.38,681.59,698.11,947763603,319026174809118
2022-09-28,696.38,702.72,668.3,673.87,911992699,307807311543755
2022-09-29,686.63,695.49,675.07,675.07,803932117,308456807526915
2022-09-30,668.26,677.68,661.65,672.65,786870711,308863848074064
2022-10-04,685.19,696.79,683.63,696.79,667595845,319854569308748
2022-10-05,706.76,707.59,683.15,685.34,813665900,314630995837645
2022-10-06,690.48,706.43,690.48,706.01,1139543185,324168976674628
2022-10-07,700.71,707.42,697.59,698.49,1149848739,320796814736296
2022-10-11,685.3,685.3,667.63,669.5,1155753433,307440392544691
2022-10-12,669.59,673.42,663.6,671.67,1140923747,308456485369120
2022-10-13,669.36,669.71,650.39,651.59,1051922998,299052153282201
2022-10-14,665.17,679.92,665.17,678.24,893524616,311385917006843
2022-10-17,667.61,682.39,664.83,682.0,814417917,313338561588753
2022-10-18,692.39,697.37,685.9,697.09,1068476942,320639761189027
2022-10-19,697.94,705.84,689.67,690.56,1050551878,318156853326346
2022-10-20,688.44,693.14,675.89,680.44,1052781101,313890313408496
2022-10-21,678.16,682.49,674.48,674.48,1034393626,311224518989651
2022-10-24,686.43,693.44,686.43,688.5,817958809,317589693390857
2022-10-25,690.77,695.95,686.21,688.85,973740886,318350425727172
2022-10-26,690.67,691.13,683.14,683.17,963244682,315561721211910
2022-10-27,686.41,695.22,686.41,695.09,852166039,321179890132186
2022-10-28,690.71,695.51,687.19,687.63,847494729,317743013246559
2022-10-31,694.69,695.62,689.97,695.33,751259296,321315139825250
2022-11-01,695.45,700.07,693.92,700.05,920257235,323475937778169
2022-11-02,697.4,699.24,694.94,697.37,858230297,322379755989022
2022-11-03,685.42,695.63,683.74,694.13,707278181,319615919318102
2022-11-04,691.69,694.17,684.99,693.89,737321589,319806801284679
2022-11-07,696.22,700.49,695.1,700.48,722344492,322884894550289
2022-11-08,703.36,713.33,703.36,713.33,846229977,328769979001164
2022-11-09,715.19,717.09,711.15,714.6,931480127,329414677068255
2022-11-10,708.49,712.48,705.7,707.78,1041901657,326431031187154
2022-11-11,727.22,732.12,724.53,731.22,1079376887,337264814235686
2022-11-14,732.29,734.73,728.81,729.54,1100846011,337140902387706
2022-11-15,730.33,744.96,730.33,744.96,1130885553,344193558659399
2022-11-16,746.55,746.62,737.87,743.1,1186546228,343209334494209
2022-11-17,740.62,742.29,735.04,737.54,978990600,340965031533293
2022-11-18,738.34,742.17,731.53,731.92,1297151301,338951690005533
2022-11-21,733.0,733.65,717.55,718.57,981797456,332699337394302
2022-11-22,716.24,719.8,711.92,712.26,895809089,329829714579478
2022-11-23,718.29,725.64,718.29,725.59,830056173,335667394857994
2022-11-24,729.41,738.7,729.41,738.22,793573958,341717146968777
2022-11-25,737.46,737.53,732.48,733.56,710328850,339637553238086
2022-11-28,731.81,731.81,717.13,717.9,878676916,332414215094245
2022-11-29,715.02,727.6,713.26,727.54,794007803,336927388299632
2022-11-30,726.56,729.54,722.4,729.54,813568793,337947065677640
2022-12-01,740.97,744.56,739.16,740.6,825110488,343075080230538
2022-12-02,740.13,740.18,732.41,732.95,856591397,339643001144892
2022-12-05,736.45,739.77,731.07,733.32,1058482673,339917270391513
2022-12-06,726.32,727.34,719.29,719.44,926869131,333769906652176
2022-12-07,715.63,722.62,711.63,718.14,982850616,333420326905253
2022-12-08,718.37,719.69,711.08,712.52,1069811230,330917120166935
2022-12-09,717.24,721.14,712.4,719.49,1278548475,334174610218005
2022-12-12,716.88,718.31,714.26,715.22,964001067,332248030270132
2022-12-13,717.64,719.33,712.21,715.16,1191298483,332194007303160
2022-12-14,718.17,729.17,718.17,729.0,1082237656,338621742436927
2022-12-15,725.32,730.51,721.46,722.68,957408065,335706650690362
2022-12-16,711.33,720.48,710.2,717.41,889444273,333728481678709
2022-12-19,716.8,722.42,714.63,717.22,776382980,333338382026031
2022-12-20,715.13,715.29,701.44,703.13,977951443,326822623464700
2022-12-21,708.13,709.95,701.61,705.7,938032477,327971511518424
2022-12-22,710.47,715.35,709.52,715.02,851987960,332311677394446
2022-12-23,704.93,704.93,691.25,691.25,1107302430,321813279703994
2022-12-26,691.94,696.96,686.8,694.68,797707556,323390640890782
2022-12-27,697.25,704.21,697.25,704.19,901437356,327910002219152
2022-12-28,699.24,699.39,691.01,692.37,834832047,321475844186489
2022-12-29,691.35,693.12,675.8,679.29,952158164,315498720104122
2023-01-02,683.84,688.77,670.38,671.51,742766883,311897723962202
2023-01-03,672.18,675.75,660.32,674.95,935983853,313443983727042
2023-01-04,670.18,683.67,667.3,683.67,901765440,317540886338069
2023-01-05,685.78,688.35,677.77,679.92,885279201,315902966634724
2023-01-06,677.28,691.17,676.4,688.94,818505863,320090411554481
2023-01-09,695.02,701.21,695.02,701.21,1008250417,325718026654199
2023-01-10,700.16,704.6,694.92,696.05,1158010390,323644848790326
2023-01-11,701.29,710.29,701.29,709.77,1247665887,329777375205274
2023-01-12,713.56,714.1,707.54,710.82,1246163428,330354754662007
2023-01-13,712.24,714.75,709.26,711.82,1082281898,330987809068553
2023-01-16,714.71,718.15,713.19,716.89,1230665863,333362222147532
2023-01-17,716.7,718.9,708.54,709.71,1162082903,330058542928887
2023-01-18,711.12,713.28,708.79,711.75,1175236186,331005187288778
2023-01-19,707.66,712.94,705.76,712.89,1008732586,331969248601759
2023-01-20,712.32,718.03,712.32,717.97,1006210961,334506823768744
2023-01-25,725.23,732.42,725.23,732.35,1016337377,341163277030754
2023-01-26,734.37,740.99,733.23,738.94,1207458460,344416794892032
2023-01-27,741.2,742.07,737.9,741.25,1135404760,345741980309055
2023-01-30,743.73,746.33,736.9,738.62,1050895012,344704325436817
2023-01-31,735.19,740.98,732.33,740.49,975258796,345558866757648
2023-02-01,744.9,752.5,744.03,750.96,1065396559,350460923570265
2023-02-02,759.53,764.84,758.72,764.62,1220834721,356981668435985
2023-02-03,765.37,768.03,761.82,766.79,1136574420,358449971540544
2023-02-06,763.66,766.23,760.65,761.33,1185407618,355964477004747
2023-02-07,762.47,773.79,762.3,772.79,1261551684,361544964041108
2023-02-08,777.43,779.98,776.3,779.98,1461520222,364938932575631
2023-02-09,776.6,784.64,776.26,784.58,1411565323,367173795818580
2023-02-10,783.07,784.52,771.62,772.44,1309834875,361579872170428
2023-02-13,771.5,774.08,767.64,772.55,1198564825,361652493885227
2023-02-14,778.05,780.13,774.61,779.58,1273741863,364997188932796
2023-02-15,782.55,784.38,763.81,765.46,1416003278,358813760540798
2023-02-16,772.17,784.71,772.16,784.71,1242737840,368439501627773
2023-02-17,775.03,780.78,772.96,775.62,862495804,364469232408772
2023-02-20,777.68,789.26,773.86,788.89,889521303,370746475379803
2023-02-21,789.45,793.42,786.48,793.42,1020994847,372841940875971
2023-02-22,782.83,787.85,774.54,778.51,1125363718,365904573571717
2023-02-23,782.18,784.59,774.1,783.28,927833109,368151719875675
2023-02-24,784.94,786.09,774.21,778.88,1192537980,366037810529367
2023-02-27,775.01,781.54,769.75,780.3,1146531764,366628524556680
2023-02-28,784.23,793.65,783.66,791.6,1005903187,371912984933647
2023-03-02,793.63,797.01,786.52,787.19,1020089923,370075760790550
2023-03-03,792.9,802.45,792.61,802.42,1102273010,378059877027936
2023-03-06,810.61,816.62,804.47,816.51,1110188043,384639511424349
2023-03-07,814.27,818.56,810.47,815.76,1387403737,384474106386699
2023-03-08,809.14,817.17,807.95,813.95,1261649247,383607754458222
2023-03-09,817.03,817.12,801.1,809.22,1367967960,381522431004330
2023-03-10,796.57,798.96,785.66,788.6,1204572401,371906517641291
2023-03-13,784.02,789.18,771.03,788.89,1178495051,372176398769848
2023-03-14,788.44,789.22,758.05,758.05,1140138741,357461172609841
2023-03-15,774.53,784.59,773.65,781.17,1030708174,368139424343113
2023-03-16,780.53,785.54,767.11,781.98,1109314318,367720334540747
2023-03-17,791.18,798.62,785.98,797.39,1146052772,374945162115715
2023-03-20,793.04,803.42,791.45,802.2,1097773310,377052534644858
2023-03-21,806.51,809.33,802.42,802.53,1062910296,377289756737026
2023-03-22,811.17,813.43,807.91,813.43,1117238787,382341032320615
2023-03-23,807.53,824.2,806.4,812.19,1177436814,381704111823252
2023-03-24,820.16,824.11,814.07,824.11,1292725293,386895184121892
2023-03-27,827.95,829.18,817.81,827.69,1176552750,388588093717020
2023-03-28,831.07,833.68,825.4,833.51,1222376505,391491400113686
2023-03-29,833.9,843.94,832.44,843.94,1309614395,396799314710996
2023-03-30,850.78,852.59,846.1,850.48,1502135159,400365537565452
2023-03-31,849.98,851.13,842.61,847.52,1282318439,399097446427679
2023-04-03,850.86,855.2,847.7,854.96,1145928489,402741110536531
2023-04-04,853.92,861.13,852.02,857.18,1310437645,403961765614704
2023-04-05,857.54,872.44,856.15,872.36,1500672632,411050883520240
2023-04-06,869.65,869.94,859.13,865.58,1418014429,408022459534572
2023-04-07,871.83,880.07,866.58,880.07,1669012618,414870489420584
2023-04-10,882.75,890.96,877.31,887.78,1590085779,418754179964574
2023-04-11,893.2,899.37,879.73,898.94,1555495545,425634975713436
2023-04-12,897.11,900.83,888.63,890.62,1987419195,421877162148019
2023-04-13,885.5,895.29,875.42,894.25,1698995237,423574251022428
2023-04-14,902.56,906.69,900.7,903.84,1463219786,428656711360164
2023-04-17,905.35,909.5,898.84,909.5,1543775299,431395913487050
2023-04-18,910.75,910.75,902.9,909.02,1973947340,431287161226592
2023-04-19,908.87,913.97,907.59,909.2,1878192262,430184410576079
2023-04-20,905.81,906.0,884.33,885.71,2324112321,419231110265497
2023-04-21,884.27,888.21,868.36,868.82,2021045955,411902039051204
2023-04-24,867.38,870.08,852.48,855.23,1308672542,405538682580775
2023-04-25,857.54,858.91,828.25,838.71,1540091899,397824367613523
2023-04-26,835.94,846.42,829.19,830.44,1260644962,394071418199052
2023-04-27,831.89,850.88,823.19,850.21,1461893463,403491546416466
2023-04-28,860.11,860.11,839.67,842.83,1157792081,401309247871832
2023-05-02,845.18,855.61,844.68,855.61,1031526536,406823810826825
2023-05-03,848.05,852.23,841.81,843.18,1172736399,401047065132996
2023-05-04,842.13,847.69,839.08,845.06,1185031376,402231442046667
2023-05-08,851.52,854.32,842.07,842.28,1267793826,400978834907052
2023-05-09,841.41,843.4,827.78,835.85,1176449933,397912770736515
2023-05-10,836.02,839.86,827.88,829.74,1319935509,395234782269020
2023-05-11,836.6,840.66,821.94,824.54,1751057901,392851021963899
2023-05-12,824.11,828.14,820.24,822.43,1689715968,391877219766128
2023-05-15,820.5,820.5,806.47,814.53,1279890362,388206484427628
2023-05-16,818.96,822.64,813.32,816.75,1373516422,389297675536962
2023-05-17,815.58,834.2,814.65,834.19,1270384258,397733210799111
2023-05-18,839.27,841.1,833.73,835.89,1324825944,398516466299375
2023-05-19,839.56,842.21,836.68,841.72,1310478449,401619667898589
2023-05-22,840.97,852.33,837.49,852.04,1093157114,406363100428462
2023-05-23,853.57,861.3,853.57,859.16,1270087198,409997583196510
2023-05-24,856.25,857.84,853.0,855.46,1150652782,409368563614244
2023-05-25,857.3,860.01,845.84,847.72,1253501257,405817262001947
2023-05-26,849.8,853.06,842.17,843.23,1181354772,404185880967502
2023-05-30,850.0,851.53,844.48,851.5,1226447934,408184728304838
2023-05-31,851.37,860.3,850.88,856.94,1074919531,410762791557526
2023-06-01,855.95,863.86,855.46,863.78,982023283,414191912523594
2023-06-02,866.16,868.17,864.97,868.06,1112160220,416464845548968
2023-06-05,871.05,872.95,865.13,870.28,1049549658,417523271282702
2023-06-07,872.1,880.81,872.1,880.72,1093663073,422517053595658
2023-06-08,878.86,879.44,871.5,876.13,1123246616,421092952327398
2023-06-09,882.11,886.52,880.76,883.71,1068151786,424756543749504
2023-06-12,887.2,887.2,881.76,885.76,1008594343,425893644281940
2023-06-13,890.81,898.28,889.58,896.81,1117251805,431291955086062
2023-06-14,899.35,899.85,870.48,871.83,1336224834,419369212191680
2023-06-15,877.62,884.55,865.48,878.04,1122318243,422504860760674
2023-06-16,882.45,888.27,878.99,887.95,949462148,427288976709558
2023-06-19,888.52,889.49,881.14,888.61,1153900000,427630918821185
2023-06-20,886.47,891.0,883.09,886.41,1301283713,425695312580482
2023-06-21,887.26,890.94,875.33,875.7,1216521534,420589876465360
2023-06-22,870.79,880.12,869.79,876.38,1339789200,420999395898834
2023-06-23,880.37,880.46,872.28,874.84,1287180970,420135043459337
2023-06-26,874.31,881.24,869.29,879.5,1293505724,422225553318677
2023-06-27,877.88,878.43,867.68,874.14,1220801453,419653192029387
2023-06-28,879.61,880.23,866.7,866.97,1164022550,416385717099030
2023-06-29,868.65,870.75,859.77,861.79,1173907181,414020562323732
2023-06-30,862.7,869.24,853.68,868.24,1000068755,417824127926909
2023-07-03,873.91,889.29,873.66,889.29,884082214,427893116022242
2023-07-04,890.94,894.7,883.41,890.0,972953790,428161725511757
2023-07-05,890.49,895.63,889.23,891.18,918615508,428780437481783
2023-07-06,889.3,889.77,869.46,870.53,1134506228,419190995639896
2023-07-07,868.08,872.29,861.2,867.27,1035427219,417718584854565
2023-07-10,868.0,870.18,857.35,860.35,1014982128,414366972436263
2023-07-11,866.55,878.76,865.65,878.73,935391511,423229062701988
2023-07-12,878.97,880.53,873.91,879.88,1043118519,423618918101672
2023-07-13,885.21,895.23,884.33,893.07,1122333065,430068141680691
2023-07-14,898.17,899.68,890.21,896.28,1056686324,432702966197944
2023-07-17,894.75,899.44,891.18,898.29,1119416578,433666352790006
2023-07-18,901.43,914.18,901.12,914.14,1139854017,441367892486646
2023-07-19,917.51,923.9,910.25,923.72,1016893563,446179346656537
2023-07-20,918.27,931.79,913.98,931.6,978780675,450317137849340
2023-07-21,918.51,937.29,918.19,934.58,992316458,451830150446042
2023-07-24,934.99,935.55,920.89,929.9,966471740,449613086398779
2023-07-25,932.17,945.47,924.31,939.96,932865875,454570559190489
2023-07-26,945.57,956.4,886.14,900.63,1236849184,435360980324054
2023-07-27,897.44,912.57,878.8,883.79,892726452,427799727761563
2023-07-28,880.23,914.6,877.96,913.74,677661358,442183475626650
2023-07-31,923.01,938.43,921.39,935.97,691575579,453032138636820
2023-08-01,944.71,952.12,926.75,939.67,924066636,454817075945774
2023-08-02,931.17,940.06,907.87,909.76,951132825,440343830637426
2023-08-03,911.28,920.41,897.89,920.32,1149308726,445604063527432
2023-08-04,921.16,922.89,914.3,918.43,1059449436,445124361055303
2023-08-07,913.25,913.25,894.48,898.22,1097671474,436603247933806
2023-08-08,901.76,903.78,889.25,892.34,1152204796,433028307783190
2023-08-09,891.08,912.94,889.94,908.98,1008549151,441076164676548
2023-08-10,904.68,912.65,899.01,911.29,1260880165,442526218430911
2023-08-11,913.97,918.18,908.27,912.2,1393876361,443015508574880
2023-08-14,907.43,908.13,894.08,901.68,1181117277,434975779332580
2023-08-16,893.93,895.42,877.85,878.29,1218844755,423722659451219
2023-08-17,875.15,887.67,863.32,886.04,1108792128,427494238868875
2023-08-18,878.52,882.08,874.27,877.32,1122467744,423332043652265
2023-08-21,881.09,894.58,879.8,888.71,1057472367,429635002358685
2023-08-22,898.4,899.21,889.71,893.33,1230524856,432030558011584
2023-08-23,892.65,892.65,881.4,882.87,1436368175,427031001522470
2023-08-24,893.46,902.64,892.12,901.74,1277063374,436356997642281
2023-08-25,891.21,902.81,890.08,899.38,1163466806,435370241626392
2023-08-28,907.53,909.48,901.84,909.38,1072274426,440166085727053
2023-08-29,911.94,918.39,907.82,916.24,1312285387,443514841224954
2023-08-30,925.08,926.44,921.05,923.81,1275514494,447220311649114
2023-08-31,925.57,930.42,923.4,928.4,1277534743,449317149907098
2023-09-01,926.37,928.0,919.74,919.74,1071432398,445146060262928
2023-09-04,918.12,921.63,913.04,919.16,1113978179,444921502645236
2023-09-05,918.85,922.65,913.02,921.48,1084503924,446045836292084
2023-09-06,923.61,927.28,916.08,917.95,1091540956,444379723550669
2023-09-07,914.63,921.79,902.95,906.36,1282928651,438903708396168
2023-09-08,908.08,914.18,902.77,914.18,1252895043,442804786933213
2023-09-11,918.43,918.43,907.9,912.55,975185905,442065156842420
2023-09-12,918.1,918.96,895.96,898.04,1178572090,435289563130455
2023-09-13,895.94,899.8,882.27,882.72,1077222122,427779339434136
2023-09-14,888.19,899.47,886.46,899.47,1020175628,435744846795615
2023-09-15,900.62,902.4,897.11,899.03,941816269,435690978647815
2023-09-18,892.18,896.37,889.99,891.29,906664638,432560040384961
2023-09-19,891.57,894.26,882.42,883.89,1045779155,429135295907356
2023-09-20,883.74,886.65,874.92,882.72,1015725765,428558685865818
2023-09-21,875.52,879.82,859.51,860.68,1046442413,417773828305269
2023-09-22,851.93,860.68,847.56,857.35,1029356352,416270899616597
2023-09-25,856.79,859.04,839.17,839.17,869428222,407862919775921
2023-09-26,841.8,845.3,827.82,827.82,1122471901,402456733401798
2023-09-27,823.2,841.97,821.71,841.02,844483850,408940675177800
2023-10-04,832.3,832.3,806.47,807.4,816987613,392910795423150
2023-10-05,817.89,820.06,800.36,801.02,874561729,389801454612856
2023-10-06,803.88,818.37,803.88,816.39,776644942,397696147011453
2023-10-10,821.22,823.27,792.91,795.0,978040985,387316819638019
2023-10-11,805.03,821.83,805.03,817.12,856188114,398258712587184
2023-10-12,822.27,835.79,822.27,835.49,1040121117,407243123910342
2023-10-13,831.21,834.66,817.66,822.78,1060106942,401114166692247
2023-10-16,812.57,813.19,800.62,810.54,1049948703,395207401475388
2023-10-17,817.47,825.33,817.29,820.38,948110924,400045072789920
2023-10-18,816.92,820.09,807.45,808.89,864011792,394765329268523
2023-10-19,796.15,796.36,782.63,784.04,878334776,383117618035398
2023-10-20,775.81,779.92,759.4,769.25,980560186,376280739671974
2023-10-23,766.56,774.36,762.51,763.69,762343882,373761247614238
2023-10-24,771.03,784.86,750.32,784.86,951759212,384030224853614
2023-10-25,788.01,788.01,770.84,770.84,1015507373,377272631075685
2023-10-26,751.64,756.43,740.51,743.85,839569016,364097301031312
2023-10-27,749.87,760.51,738.92,748.49,665631834,365644484217477
2023-10-30,747.24,760.87,744.63,757.12,648823172,369973882749552
2023-10-31,758.65,759.24,734.2,736.1,868119072,359870029631241
2023-11-01,742.98,749.65,737.52,739.23,753917385,361406917718397
2023-11-02,753.37,773.39,753.37,772.84,794255847,377971180090034
2023-11-03,779.28,782.53,768.38,782.05,810108904,382563192241877
2023-11-06,794.49,839.45,793.72,839.45,849326310,410526334336536
2023-11-07,842.16,847.37,805.81,824.37,928085957,403415638740242
2023-11-08,821.98,831.45,810.15,811.02,884415628,396950367777154
2023-11-09,813.89,814.92,797.44,802.87,921924711,392553959323665
2023-11-10,792.86,794.73,785.45,789.31,863204580,385805211467449
2023-11-13,796.41,798.15,774.33,774.42,998048078,378636125609200
2023-11-14,779.47,794.91,779.47,794.19,841492448,388255637460621
2023-11-15,808.68,813.06,805.27,809.36,816588156,395818434792009
2023-11-16,809.12,815.82,804.74,811.11,905406930,396747876077641
2023-11-17,807.61,807.62,795.66,799.06,804590769,390975932221284
2023-11-20,797.83,815.27,797.51,813.08,786862534,398291726402113
2023-11-21,816.34,819.14,811.24,817.01,897451667,400925813172224
2023-11-22,811.2,817.28,809.83,814.61,842425267,399781373957833
2023-11-23,816.16,819.91,813.25,815.98,909847416,400519326332160
2023-11-24,817.02,818.74,814.22,815.0,741072449,401042266895043
2023-11-27,816.55,816.6,809.26,810.25,793999086,398598848757303
2023-11-28,811.76,816.62,811.06,816.44,933903190,402155801721691
2023-11-29,817.9,823.81,812.95,822.44,916373964,404935896232367
2023-11-30,819.23,831.68,819.23,831.68,774887614,409505275920919
2023-12-01,826.3,831.03,822.03,827.24,997870134,409283557270978
2023-12-04,828.66,837.95,823.99,828.52,1009243076,409935238534081
2023-12-05,823.86,828.25,810.52,813.38,1058500321,402801220567134
2023-12-06,816.66,822.39,814.0,819.54,882764259,406152913501448
2023-12-07,820.46,820.46,810.9,813.2,794863708,403050653416789
2023-12-08,818.71,830.99,818.5,830.37,862256339,411561684858623
2023-12-11,831.83,839.15,831.64,835.25,930374425,414215250778726
2023-12-12,835.41,842.56,833.67,839.53,1217323007,418033770244538
2023-12-13,837.55,838.25,828.72,829.31,1071809015,413323756989962
2023-12-14,841.75,845.54,834.66,840.59,1037462174,418931902190699
2023-12-15,844.76,846.7,834.94,838.31,1082325627,417973079092298
2023-12-18,844.78,854.07,843.61,850.96,802089047,424150156590754
2023-12-19,850.36,858.65,849.33,858.3,1068049562,427781325532824
2023-12-20,861.96,865.02,860.56,862.98,1117583658,430262572827308
2023-12-21,855.76,867.33,851.82,859.44,1145618422,428449213970818
2023-12-22,863.35,864.79,853.49,854.62,1212763839,426333060285533
2023-12-26,855.75,857.24,846.32,848.34,1078585688,423097874011523
2023-12-27,851.49,860.29,851.21,859.79,1221463001,428391090402708
2023-12-28,860.42,866.57,856.53,866.57,1251153574,431792284696650
2024-01-02,866.08,878.93,865.26,878.93,1154417882,426084860439733
2024-01-03,872.21,872.44,865.12,871.57,1259145225,422560464617857
2024-01-04,865.35,872.79,860.45,866.25,1224264897,420014902125688
2024-01-05,866.81,878.98,864.86,878.33,1047923558,426191476679294
2024-01-08,880.24,882.88,875.34,879.34,1162383415,426868672552920
2024-01-09,886.1,890.06,881.97,884.64,1170608223,429749865145220
2024-01-10,884.08,884.08,872.68,875.46,1270510842,425459540707299
2024-01-11,878.12,885.75,878.12,882.53,1476595168,428957219476629
2024-01-12,878.69,880.3,865.81,868.08,1107335306,410148736041156
2024-01-15,865.45,869.69,855.0,859.71,996410652,406390818141181
2024-01-16,857.39,864.9,846.47,854.83,1032822195,403879277342545
2024-01-17,856.61,856.97,832.7,833.05,1106275262,393681860340762
2024-01-18,834.01,848.63,830.06,840.33,1167940492,397229288077207
2024-01-19,848.66,856.05,837.87,842.67,1220560704,398160126936472
2024-01-22,848.87,849.32,836.89,839.69,1320572642,396689616318072
2024-01-23,840.62,848.65,833.24,840.11,1248018390,396984730255445
2024-01-24,841.45,842.9,828.12,836.21,1417438154,395557643219167
2024-01-25,833.34,833.34,820.64,823.74,1565969491,390353310452432
2024-01-26,818.76,839.52,817.06,837.24,1238780423,398079081213062
2024-01-29,841.21,841.21,815.54,819.14,1246813222,384137204369443
2024-01-30,826.0,828.54,811.57,818.86,1097207246,383976054539469
2024-01-31,813.8,818.9,799.24,799.24,1137249797,374861916613184
2024-02-01,796.26,800.91,786.28,798.73,1124844785,375252532726266
2024-02-02,803.71,817.74,803.71,814.77,1096190538,382771284007782
2024-02-05,812.28,813.83,807.36,807.99,974415250,379742624320544
2024-02-06,804.36,808.39,795.37,807.03,1065542735,379490521402460
2024-02-07,811.51,820.06,809.18,811.92,827984256,381548030041766
2024-02-08,816.82,828.03,816.27,826.58,912499052,388825224165147
2024-02-13,831.14,846.58,830.66,845.15,896289730,397516310558390
2024-02-14,833.24,854.44,831.56,853.3,1086775918,401324744348004
2024-02-15,860.13,861.37,852.79,859.21,1222187510,404623030938354
2024-02-16,863.69,864.24,854.72,857.6,1339167323,403874229640531
2024-02-19,854.28,862.08,853.52,858.47,1272095442,404544728704770
2024-02-20,858.08,866.17,854.58,866.17,1394893803,408188873512280
2024-02-21,861.58,872.38,860.91,864.07,1725464787,407078074686839
2024-02-22,868.22,871.46,864.56,870.11,1482220235,410057237761465
2024-02-23,873.21,875.58,866.22,868.57,1490439010,410504407921475
2024-02-26,869.08,872.52,866.43,867.4,1219639452,410041400279230
2024-02-27,870.1,870.1,850.77,853.75,1190362944,403626145391387
2024-02-28,859.78,868.71,858.56,863.39,1102228439,407720652818802
2024-02-29,862.55,865.88,858.3,862.96,1371169761,407740050432001
2024-03-04,869.36,875.3,869.36,872.97,1138979262,412454545421270
2024-03-05,869.36,869.36,863.4,866.37,1214968007,409359773875014
2024-03-06,861.67,872.06,859.71,870.67,1112038813,411132718480225
2024-03-07,874.3,874.53,860.01,863.37,1142628897,408056247369613
2024-03-08,869.18,873.18,866.18,873.18,1270638021,412693945032967
2024-03-11,870.41,875.93,868.48,875.93,1076998269,414043080903195
2024-03-12,877.37,889.71,876.62,889.71,1056987563,420464094646659
2024-03-13,892.41,894.39,881.33,889.93,1207088059,421190651134097
2024-03-14,889.53,892.31,881.95,887.52,1073829911,420175475244887
2024-03-15,882.67,884.6,875.87,880.46,1106771785,416940444434001
2024-03-18,882.58,894.48,882.58,894.48,973184054,423616009966886
2024-03-19,893.49,893.49,884.45,891.91,1104514231,422378340879205
2024-03-20,894.34,896.44,890.0,891.45,1053005260,422153103145616
2024-03-21,900.46,906.26,899.24,904.29,1066401786,429151069389985
2024-03-22,902.7,905.64,900.84,903.98,1075161967,429265060287089
2024-03-25,906.45,916.01,905.7,913.69,961278468,434141685509001
2024-03-26,915.49,922.57,910.86,916.09,1041934854,436174066372717
2024-03-27,914.33,918.49,905.26,911.25,1138180570,433806535353528
2024-03-28,912.33,914.38,908.98,910.05,1095621429,433258803118451
2024-03-29,912.31,914.25,903.61,905.5,946867591,431430814339863
2024-04-01,909.62,920.05,907.48,912.45,914266500,434746969233992
2024-04-02,912.07,913.79,888.88,891.59,1037752687,424737292031838
2024-04-03,883.22,883.95,874.77,879.96,994522707,419811193268135
2024-04-04,885.53,889.7,878.12,882.9,979416341,421152663985379
2024-04-05,872.47,879.34,867.45,872.29,1075572471,415969204787863
2024-04-08,873.76,873.76,859.09,860.57,1056845550,410224840738518
2024-04-09,864.0,871.18,856.49,859.33,976468114,410048513791140
2024-04-11,850.8,860.83,847.54,858.1,661659827,409477614871889
2024-04-12,863.16,867.01,858.24,860.47,740523249,410770379390485
2024-04-15,850.21,854.51,842.84,852.42,837138348,406964937626281
2024-04-16,845.54,848.24,829.76,832.81,931165665,397477242483208
2024-04-17,839.3,845.45,833.03,833.03,930975879,397619667254642
2024-04-18,833.38,856.05,833.38,855.65,956763489,408372865971662
2024-04-19,849.99,850.07,824.99,841.91,1100743042,402220419239978
2024-04-22,844.95,854.16,840.29,845.82,898755915,404137812735307
2024-04-23,848.88,853.62,844.5,845.44,886593400,404562798591266
2024-04-24,856.37,863.12,855.79,862.23,957921894,412527718373546
2024-04-25,855.78,865.15,853.13,853.26,811574905,408543273284626
2024-04-26,860.0,862.8,852.8,856.82,704655856,410420659948729
2024-04-29,860.53,869.73,860.53,869.72,772592926,416568643489746
2024-04-30,872.08,875.64,867.32,868.93,792642796,416784439542328
2024-05-02,865.78,870.33,864.98,867.48,854449816,416544774263651
2024-05-03,872.27,875.11,865.21,865.59,843085137,416261038862808
2024-05-07,874.69,876.94,869.75,871.26,802229139,419337853171662
2024-05-08,870.11,873.65,862.81,872.42,967419140,419922163322925
2024-05-09,871.17,873.53,869.0,870.15,1019040873,418824645242297
2024-05-10,873.56,875.21,864.03,864.16,961248333,416224870109076
2024-05-13,866.67,867.08,852.75,854.43,907147508,411638741725778
2024-05-14,857.44,865.43,856.88,862.15,978602246,415674773820312
2024-05-16,872.31,874.86,868.51,870.37,956088791,419640336083835
2024-05-17,869.06,869.6,854.47,855.06,938501648,412645497794751
2024-05-20,856.22,857.51,843.22,847.08,1017956271,409036804663475
2024-05-21,849.32,849.32,843.62,846.51,1070889760,408693912250196
2024-05-22,850.4,850.59,844.97,845.72,914521669,408440572281950
2024-05-23,846.5,849.32,839.16,846.58,1011600274,409466823343756
2024-05-24,840.7,845.48,836.95,839.41,816024807,405965263547974
2024-05-27,843.76,848.13,836.65,847.99,981440807,410165214676148
2024-05-28,847.46,852.42,846.9,851.01,1148225055,411677608483342
2024-05-29,849.6,849.93,838.08,838.45,1384716711,405647854868224
2024-05-30,835.63,840.74,831.02,831.99,1405317114,402631724588134
2024-05-31,835.01,840.02,829.81,839.98,1450490944,406681137954135
2024-06-03,840.33,847.07,839.58,844.72,976797379,409063344101680
2024-06-04,844.62,851.49,841.81,845.84,911007481,409581104366279
2024-06-05,849.33,852.18,844.13,850.75,904879338,411865372966478
2024-06-07,856.17,866.48,855.06,866.18,848540748,419264242261538
2024-06-10,862.21,867.6,860.9,864.71,907182555,418549156755761
2024-06-11,866.88,872.36,865.91,868.36,1038631016,420619690832371
2024-06-12,871.36,876.45,867.32,870.67,1216392791,421737670030455
2024-06-13,879.52,879.52,871.12,871.33,928797135,422139582391471
2024-06-14,872.69,873.37,859.69,862.19,975480817,418141571468150
2024-06-17,860.13,864.1,857.11,858.96,820229604,416859823539871
2024-06-18,863.32,864.81,855.35,858.95,1040183311,416903210087625
2024-06-19,860.66,866.21,856.16,861.17,1034309030,418432679641769
2024-06-20,861.44,864.7,854.94,857.51,637742101,416819925535105
2024-06-21,853.48,856.02,848.5,852.67,772539603,414383700647201
2024-06-24,852.27,852.48,841.43,841.52,670004479,407991203631732
2024-06-25,839.5,844.54,836.12,841.99,663208108,408597094131118
2024-06-26,845.91,846.76,839.34,842.12,704558912,408442645415793
2024-06-27,841.12,844.62,837.8,838.65,814034565,407397656618860
2024-06-28,840.11,842.36,838.29,840.44,706932845,408441870824854
2024-07-01,840.59,847.97,840.4,847.15,620756906,411604081198769
2024-07-02,846.86,847.39,828.49,829.91,710212435,403618973094456
2024-07-03,832.98,838.89,829.5,836.1,788691572,406824513118905
2024-07-04,838.9,844.1,838.9,840.81,744760897,409102397857569
2024-07-05,842.5,849.25,841.98,847.49,780462523,412398593991687
2024-07-08,848.59,859.27,848.59,859.27,742509474,418234996505161
2024-07-09,860.18,864.11,857.6,860.42,1054271596,418971828381828
2024-07-10,859.01,860.82,854.6,858.55,896435778,418121330487575
2024-07-11,861.73,862.61,851.72,852.42,835015840,415164382922215
2024-07-12,848.04,855.03,845.03,850.37,764433527,414596604716717
2024-07-15,852.62,852.93,847.68,852.88,785845593,416237188378745
2024-07-16,850.96,851.2,837.29,839.61,874489482,409797183696528
2024-07-17,841.28,843.1,829.09,829.41,828952049,404871434066473
2024-07-18,820.14,824.96,812.9,822.48,869763288,401340814371848
2024-07-19,820.29,828.82,819.13,828.72,871199222,404476690034930
2024-07-22,827.98,828.09,806.79,809.96,906825881,395473474975784
2024-07-23,816.3,821.93,808.79,812.12,939604507,396591999419808
2024-07-24,809.45,819.81,807.55,814.25,837075545,397953150296098
2024-07-25,802.28,803.55,794.23,797.29,1028813371,389656454953215
2024-07-26,799.97,802.06,795.02,797.56,777351033,389782787010577
2024-07-29,800.64,808.73,800.39,807.99,652991784,395001489276168
2024-07-30,805.17,807.38,800.36,803.78,842014161,392989281839238
2024-07-31,802.0,804.17,795.18,803.15,798865690,392874559959322
2024-08-01,807.52,815.28,807.5,813.53,644080648,398072444104279
2024-08-02,799.45,799.97,778.39,779.33,845791135,381414823377601
2024-08-05,765.57,765.57,672.57,691.28,1173846825,338426509024749
2024-08-06,709.04,738.77,707.72,732.87,1075212515,358723663797159
2024-08-07,731.82,754.41,731.44,748.54,947156032,366522462543246
2024-08-08,738.29,751.51,732.74,745.28,1012600626,364930928587311
2024-08-09,759.91,768.21,759.91,764.43,843851627,374306000593340
2024-08-12,767.21,775.31,767.21,772.72,885107713,378459539805823
2024-08-13,771.98,773.9,757.19,764.86,1170514267,374521308064886
2024-08-14,775.11,778.66,774.17,776.83,1111020235,380339149089802
2024-08-16,787.34,788.86,783.88,786.33,1080401764,385133345751765
2024-08-19,787.32,788.79,776.71,777.47,1135628349,380846103315782
2024-08-20,783.73,787.95,783.35,787.44,997055956,386033655141317
2024-08-21,783.98,784.92,775.3,779.87,1073925725,382646545233872
2024-08-22,782.59,783.89,768.48,773.47,950992244,379694443123581
2024-08-23,765.49,774.2,764.83,773.26,904335444,379786318576817
2024-08-26,776.94,777.91,764.46,766.79,828774218,376585625383632
2024-08-27,765.1,767.37,757.08,764.95,833341263,375886355147186
2024-08-28,766.32,767.28,761.06,762.5,868583609,374666856319622
2024-08-29,756.33,758.99,754.0,756.04,837869661,371491367301772
2024-08-30,758.19,768.31,757.87,767.66,823296386,377597189627282
2024-09-02,769.85,770.01,764.15,769.21,742707830,378542486884402
2024-09-03,769.68,773.15,760.07,760.37,849513737,374349720452725
2024-09-04,738.59,741.52,729.32,731.75,1011497616,360422449720641
2024-09-05,736.96,740.23,718.25,725.28,950492046,357244944058860
2024-09-06,725.88,726.48,705.67,706.59,861738473,348066399454239
2024-09-09,696.25,716.11,693.86,714.46,784076383,351964616233758
2024-09-10,717.97,719.4,706.12,706.2,910266279,347842441472249
2024-09-11,709.5,718.65,706.93,709.42,1046880881,349448575951733
2024-09-12,719.29,733.81,719.29,731.03,870759113,360078539496711
2024-09-13,733.36,734.35,726.37,733.2,1015094209,361113744152190
2024-09-19,738.41,740.31,729.93,739.51,1104713184,364213087023903
2024-09-20,746.13,750.75,745.32,748.33,864232911,368620725651208
2024-09-23,749.24,757.85,747.83,755.12,723263987,372042180925147
2024-09-24,757.37,767.37,757.23,767.35,908833234,377301335257242
2024-09-25,769.87,771.77,758.02,759.3,1239693063,373403979367048
2024-09-26,764.33,779.18,764.15,779.18,1070078259,383119886882096
2024-09-27,777.72,780.91,773.36,774.49,985778612,381129003094355
2024-09-30,777.06,777.2,762.67,763.88,961429825,376266135890499
2024-10-02,757.3,769.69,754.38,762.13,1041588862,375376357838372
2024-10-04,763.73,775.05,763.2,768.98,891994580,378727810047572
2024-10-07,774.77,781.56,771.11,781.01,822064062,384639523335588
2024-10-08,776.37,782.85,776.2,778.24,1000287018,383221441214400
2024-10-10,781.91,784.03,772.7,775.48,747790755,381941751593466
2024-10-11,779.0,781.12,769.68,770.98,921390476,379833392779896
2024-10-14,770.85,771.75,765.27,770.26,787258917,379526896886690
2024-10-15,773.37,777.0,768.13,773.81,971991613,381311547245669
2024-10-16,769.19,769.69,764.97,765.79,874300776,377579830762627
2024-10-17,768.15,769.69,763.21,765.06,918805154,376976699832372
2024-10-18,765.71,765.71,749.53,753.22,898075755,371759993471567
2024-10-21,754.35,761.62,749.64,759.95,825151985,375364685519445
2024-10-22,758.72,758.72,738.33,738.34,1077034557,364922539820471
2024-10-23,740.93,748.33,729.28,745.19,1099898407,368274028324207
2024-10-24,742.7,742.7,734.26,734.59,856784917,363333319451093
2024-10-25,739.05,739.62,725.27,727.41,764951488,360178604748124
2024-10-28,729.75,740.67,729.75,740.48,644668385,366764719166869
2024-10-29,740.05,744.18,733.28,744.18,789978376,368691119852643
2024-10-30,743.53,746.23,738.13,738.19,841964326,365698265866818
2024-10-31,734.25,743.22,728.34,743.06,792644652,368522161802707
2024-11-01,735.67,736.26,729.05,729.05,747067063,362027106221612
2024-11-04,730.5,755.0,728.11,754.08,765672895,374349970006001
2024-11-05,752.17,756.6,750.17,751.81,935204031,373462455226134
2024-11-06,757.23,761.01,737.77,743.31,1091761605,369270529205191
2024-11-07,743.47,743.47,727.1,733.52,812895086,363599257422616
2024-11-08,739.91,746.89,739.66,743.38,766825742,368601865649690
2024-11-11,744.86,745.42,727.04,728.84,836837402,361384974660820
2024-11-12,728.72,729.07,707.96,710.52,896081914,352463070918797
2024-11-13,708.52,712.83,689.64,689.65,866788364,342405059931883
2024-11-14,694.16,702.08,681.3,681.56,819600512,338637722884866
2024-11-15,675.64,688.91,668.38,685.42,895145861,340667852541439
2024-11-18,683.53,697.45,681.0,689.55,875258497,342895307782871
2024-11-19,690.45,691.13,682.5,686.12,894680566,341449563588267
2024-11-20,689.03,691.0,682.03,682.91,934123936,340156641630358
2024-11-21,683.1,685.91,672.83,680.67,1016299158,339015335169215
2024-11-22,682.37,689.99,676.06,677.01,849327115,336919514460270
2024-11-25,683.37,698.51,683.37,696.83,784507220,346788622200437
2024-11-26,697.59,699.7,689.53,693.15,835545191,345034795098541
2024-11-27,693.8,696.15,686.37,692.0,942775549,344410620789086
2024-11-28,694.96,697.91,691.61,694.39,927237663,345651361602403
2024-11-29,694.24,694.24,677.08,678.19,888674468,337777688264228
2024-12-02,684.15,687.7,675.78,675.84,735007138,336808236092623
2024-12-03,678.98,692.81,678.98,690.8,834908008,344255247272481
2024-12-04,677.59,687.94,671.6,677.15,912110518,337768663789392
2024-12-05,679.79,680.02,669.27,670.94,746440194,334928549613995
2024-12-06,670.7,671.34,644.39,661.33,899216483,330204155887834
2024-12-09,649.35,649.35,627.01,627.01,890861301,313015003789608
2024-12-10,635.94,661.6,635.94,661.59,917262005,330190415159065
2024-12-11,661.71,677.55,661.71,675.92,971320515,337681554355491
2024-12-12,680.97,687.0,674.31,683.35,1035142447,341391137883317
2024-12-13,684.25,695.76,683.3,693.73,901945850,346943091592353
2024-12-16,699.81,701.67,695.67,698.53,1001731892,349452247183742
2024-12-17,699.52,699.52,691.58,693.33,292893177,346897291110940
